{"cameraMode":{"drawMode":0,"name":"Shaded","section":"Shading Mode"},"sceneLighting":false,"audioPlay":false,"sceneViewState":{"m_AlwaysRefresh":false,"showFog":true,"showSkybox":false,"showFlares":true,"showImageEffects":true,"showParticleSystems":true,"showVisualEffectGraphs":true,"m_FxEnabled":true},"in2DMode":false,"pivot":{"x":14.268779754638672,"y":-3.6501288414001467,"z":2.283005714416504},"rotation":{"x":-0.08149348199367523,"y":-0.14835160970687867,"z":0.012247422710061074,"w":-0.9855182766914368},"size":12.494025230407715,"orthographic":false}